time,open,high,low,close,volume,ticker
2016-08-18,16830,16830,15310,16740,25400,ABC
2016-08-19,16570,16570,15810,15810,23700,ABC
2016-08-22,16020,16020,15180,15180,13400,ABC
2016-08-23,15180,15180,14630,14680,5000,ABC
2016-08-24,14680,14760,14680,14760,16000,ABC
2016-08-25,14590,14720,14510,14720,4100,ABC
2016-08-26,14340,14630,14210,14630,11400,ABC
2016-08-29,14680,14680,14680,14680,1100,ABC
2016-08-30,14340,14550,13920,14550,10210,ABC
2016-08-31,14550,14550,14510,14550,1100,ABC
2016-09-01,14590,14590,14590,14590,100,ABC
2016-09-05,14550,14550,14340,14550,3100,ABC
2016-09-06,14250,14250,14250,14250,8300,ABC
2016-09-07,14130,14130,14130,14130,500,ABC
2016-09-08,13960,14130,13960,14130,8800,ABC
2016-09-09,14250,14250,14250,14250,5000,ABC
2016-09-12,14000,14250,14000,14250,5000,ABC
2016-09-13,14340,14340,14340,14340,1000,ABC
2016-09-14,14130,14130,14130,14130,500,ABC
2016-09-15,13920,13920,13920,13920,100,ABC
2016-09-16,14340,14340,14340,14340,100,ABC
2016-09-19,14130,14130,13920,14130,4100,ABC
2016-09-20,13710,13710,13490,13490,1800,ABC
2016-09-21,13710,13710,13710,13710,500,ABC
2016-09-22,13490,13490,13490,13490,500,ABC
2016-09-23,13490,13490,13490,13490,0,ABC
2016-09-26,13490,13490,13490,13490,600,ABC
2016-09-27,13280,13280,13280,13280,500,ABC
2016-09-28,13280,13920,13920,13280,0,ABC
2016-09-29,13920,13920,13920,13920,0,ABC
2016-09-30,13920,13920,13920,13920,0,ABC
2016-10-03,13920,13920,13920,13920,0,ABC
2016-10-04,13070,13070,13070,13070,2000,ABC
2016-10-05,13070,13070,13070,13070,1200,ABC
2016-10-06,12860,13280,12860,13280,200,ABC
2016-10-07,13280,13280,13280,13280,100,ABC
2016-10-10,13030,13030,13030,13030,1000,ABC
2016-10-11,13030,13030,12900,12900,4700,ABC
2016-10-12,13070,13070,12990,12990,5000,ABC
2016-10-13,13070,13070,13070,13070,500,ABC
2016-10-14,13200,13200,13200,13200,500,ABC
2016-10-17,12860,12860,12860,12860,500,ABC
2016-10-18,12860,13070,12860,13070,2000,ABC
2016-10-19,13280,13280,13280,13280,2500,ABC
2016-10-20,13280,13280,13280,13280,1000,ABC
2016-10-21,13280,13370,13280,13370,1000,ABC
2016-10-24,13330,14340,13330,14340,400,ABC
2016-10-25,14090,14090,14090,14090,0,ABC
2016-10-26,13490,13490,13490,13490,2000,ABC
2016-10-27,13710,13920,13710,13920,2000,ABC
2016-10-28,13920,13920,13920,13920,100,ABC
2016-10-31,13920,13920,13920,13920,2000,ABC
2016-11-01,14130,14130,14130,14130,1700,ABC
2016-11-02,14250,14250,14250,14250,100,ABC
2016-11-03,14340,14340,14340,14340,200,ABC
2016-11-04,14550,16490,14550,16490,200,ABC
2016-11-07,15520,15520,15520,15520,0,ABC
2016-11-08,14340,14340,14340,14340,100,ABC
2016-11-09,16490,16490,16490,16490,100,ABC
2016-11-10,14760,14760,14760,14760,500,ABC
2016-11-11,15180,15180,14760,14760,10800,ABC
2016-11-14,14760,14760,14340,14340,18500,ABC
2016-11-15,14340,14340,14340,14340,0,ABC
2016-11-16,14340,14340,14340,14340,0,ABC
2016-11-17,14760,14760,14340,14340,23200,ABC
2016-11-18,14340,14760,14340,14760,2500,ABC
2016-11-21,14510,14510,14510,14510,0,ABC
2016-11-22,16400,16400,16400,16400,100,ABC
2016-11-23,14760,15180,14760,15180,6100,ABC
2016-11-24,14760,14760,14760,14760,0,ABC
2016-11-25,14760,14760,14760,14760,2400,ABC
2016-11-28,14760,14760,14760,14760,900,ABC
2016-11-29,14760,14760,14760,14760,0,ABC
2016-11-30,14760,14760,14760,14760,1200,ABC
2016-12-01,15180,15180,15180,15180,4000,ABC
2016-12-02,16020,16020,16020,16020,100,ABC
2016-12-05,15180,15180,15180,15180,7900,ABC
2016-12-06,15180,15180,15180,15180,0,ABC
2016-12-07,14760,14760,14760,14760,1000,ABC
2016-12-08,14760,14760,14760,14760,1200,ABC
2016-12-09,14800,14800,14800,14800,800,ABC
2016-12-12,14800,14800,14800,14800,4000,ABC
2016-12-13,14800,14800,14800,14800,0,ABC
2016-12-14,14760,14760,14760,14760,4000,ABC
2016-12-15,14760,14760,14550,14550,3000,ABC
2016-12-16,15600,15600,15600,15600,1000,ABC
2016-12-19,15600,16830,15600,16830,2700,ABC
2016-12-20,16870,16870,16780,16780,6500,ABC
2016-12-21,16830,16830,16830,16830,0,ABC
2016-12-22,16830,16830,16830,16830,0,ABC
2016-12-23,15650,15650,15600,15600,11500,ABC
2016-12-26,15690,15690,15690,15690,1500,ABC
2016-12-27,15600,15600,15600,15600,4000,ABC
2016-12-28,15600,15600,15600,15600,2000,ABC
2016-12-29,17630,17630,17630,17630,1800,ABC
2016-12-30,17630,17630,17630,17630,0,ABC
2017-01-03,17630,17630,17630,17630,0,ABC
2017-01-04,17630,17630,17630,17630,0,ABC
2017-01-05,17630,17630,17630,17630,0,ABC
2017-01-06,17630,17630,17630,17630,0,ABC
2017-01-09,17630,17630,17630,17630,0,ABC
2017-01-10,17630,17630,17630,17630,0,ABC
2017-01-11,15650,15650,15650,15650,3900,ABC
2017-01-12,15650,15650,15650,15650,0,ABC
2017-01-13,15650,15650,15650,15650,0,ABC
2017-01-16,15650,15650,15650,15650,0,ABC
2017-01-17,15650,15650,15650,15650,0,ABC
2017-01-18,15650,15650,15650,15650,0,ABC
2017-01-19,15650,15650,15650,15650,0,ABC
2017-01-20,15650,15650,15650,15650,0,ABC
2017-01-23,15650,15650,15650,15650,0,ABC
2017-01-24,15650,15650,15650,15650,0,ABC
2017-01-25,15650,15650,15650,15650,0,ABC
2017-02-02,15650,15650,15650,15650,0,ABC
2017-02-03,15650,15650,15650,15650,0,ABC
2017-02-06,14760,14760,14760,14760,2400,ABC
2017-02-07,14760,14760,14760,14760,0,ABC
2017-02-08,14760,14760,14760,14760,0,ABC
2017-02-09,14760,14760,14760,14760,0,ABC
2017-02-10,14760,14760,14760,14760,0,ABC
2017-02-13,14760,14760,14760,14760,0,ABC
2017-02-14,15600,15810,15600,15810,3000,ABC
2017-02-15,15600,15600,15600,15600,7000,ABC
2017-02-16,15600,15600,15600,15600,0,ABC
2017-02-17,15600,15600,15600,15600,0,ABC
2017-02-20,15600,15600,15600,15600,100,ABC
2017-02-21,15600,15600,15600,15600,0,ABC
2017-02-22,15600,15600,15600,15600,0,ABC
2017-02-23,15600,15600,15600,15600,0,ABC
2017-02-24,15600,15600,15600,15600,0,ABC
2017-02-27,15600,15600,15600,15600,0,ABC
2017-02-28,15600,14760,14760,15600,0,ABC
2017-03-01,14760,14760,14760,14760,1100,ABC
2017-03-02,14760,14760,14760,14760,0,ABC
2017-03-03,14760,14760,14760,14760,0,ABC
2017-03-06,14760,14800,14760,14760,21500,ABC
2017-03-07,14760,14760,14760,14760,0,ABC
2017-03-08,14760,14760,14300,14300,7300,ABC
2017-03-09,14340,14720,14340,14720,3000,ABC
2017-03-10,14590,14590,14590,14590,0,ABC
2017-03-13,16400,16740,16400,16450,1900,ABC
2017-03-14,14130,14340,14130,14340,7350,ABC
2017-03-15,14130,14130,14130,14130,0,ABC
2017-03-16,14130,14130,14130,14130,0,ABC
2017-03-17,16239,16239,15180,15180,8400,ABC
2017-03-20,14550,14550,14550,14550,2000,ABC
2017-03-21,14340,14340,14340,14340,200,ABC
2017-03-22,14340,14340,14340,14340,0,ABC
2017-03-23,14340,14340,14340,14340,0,ABC
2017-03-24,14340,14340,14340,14340,0,ABC
2017-03-27,14340,14340,14340,14340,0,ABC
2017-03-28,14550,14550,14550,14550,500,ABC
2017-03-29,14550,14550,14550,14550,200,ABC
2017-03-30,13960,14000,13960,13960,1000,ABC
2017-03-31,14040,14040,14000,14000,500,ABC
2017-04-03,14340,14340,14340,14340,1100,ABC
2017-04-04,14130,14130,14090,14090,1000,ABC
2017-04-05,14130,14130,14130,14130,0,ABC
2017-04-07,14340,14380,14340,14340,1900,ABC
2017-04-10,14340,14340,14340,14340,0,ABC
2017-04-11,14340,14340,13960,13960,2000,ABC
2017-04-12,14210,14210,14210,14210,0,ABC
2017-04-13,14210,14210,14210,14210,0,ABC
2017-04-14,14210,14210,14210,14210,0,ABC
2017-04-17,14000,14000,13070,13070,700,ABC
2017-04-18,13830,13830,13830,13830,0,ABC
2017-04-19,13580,13920,13490,13920,3200,ABC
2017-04-20,13580,13580,13490,13490,1500,ABC
2017-04-21,13540,13540,13540,13540,0,ABC
2017-04-24,12740,12740,12650,12650,2010,ABC
2017-04-25,12650,12650,12650,12650,4000,ABC
2017-04-26,12650,12650,12650,12650,0,ABC
2017-04-27,12650,12650,12650,12650,0,ABC
2017-04-28,10750,11010,10750,11010,7500,ABC
2017-05-03,11260,12610,11260,12610,3800,ABC
2017-05-04,12570,13410,13410,12570,0,ABC
2017-05-05,12650,13330,12650,13330,1100,ABC
2017-05-08,13070,13070,13070,13070,100,ABC
2017-05-09,13830,13830,13830,13830,100,ABC
2017-05-10,12650,15520,12650,15520,1200,ABC
2017-05-11,13830,13830,13830,13830,0,ABC
2017-05-12,12690,12690,12690,12690,400,ABC
2017-05-15,12650,12650,12650,12650,2000,ABC
2017-05-16,12650,12650,12650,12650,0,ABC
2017-05-17,12860,12860,12860,12860,100,ABC
2017-05-18,12860,12860,12860,12860,0,ABC
2017-05-19,14680,14680,14680,14680,100,ABC
2017-05-22,14680,14680,14680,14680,0,ABC
2017-05-23,14680,14680,14680,14680,0,ABC
2017-05-24,14680,14680,14680,14680,0,ABC
2017-05-25,14130,14170,14130,14170,1500,ABC
2017-05-26,14170,14170,14170,14170,0,ABC
2017-05-29,14170,14170,14170,14170,0,ABC
2017-05-30,14170,14170,14170,14170,0,ABC
2017-05-31,14090,14130,14000,14000,900,ABC
2017-06-01,14090,14090,14090,14090,0,ABC
2017-06-02,14090,14090,14090,14090,0,ABC
2017-06-05,14090,14090,14090,14090,0,ABC
2017-06-06,14090,14550,14550,14090,0,ABC
2017-06-07,14550,14550,14550,14550,0,ABC
2017-06-08,16239,16239,16239,16239,100,ABC
2017-06-09,16870,16870,16870,16870,100,ABC
2017-06-12,16870,16870,16870,16870,0,ABC
2017-06-13,16870,16870,16870,16870,0,ABC
2017-06-14,16870,16870,16870,16870,0,ABC
2017-06-15,16870,16870,16870,16870,0,ABC
2017-06-16,16870,16870,16870,16870,0,ABC
2017-06-19,16870,16870,16870,16870,0,ABC
2017-06-20,16870,16870,16870,16870,0,ABC
2017-06-21,16870,16870,16870,16870,0,ABC
2017-06-22,16870,18980,14760,17290,27000,ABC
2017-06-23,18340,19440,16910,17710,9700,ABC
2017-06-26,17290,19400,17290,19360,47640,ABC
2017-06-27,19400,20870,19190,20870,137950,ABC
2017-06-28,23620,23620,20870,23030,149320,ABC
2017-06-29,22480,23190,21090,21510,83000,ABC
2017-06-30,21720,21720,19820,20960,95100,ABC
2017-07-03,21090,21930,20830,21210,118110,ABC
2017-07-04,21300,21510,20540,20750,81500,ABC
2017-07-05,20750,21000,20580,21000,67006,ABC
2017-07-06,21040,21040,20370,20540,130007,ABC
2017-07-07,20710,20710,19820,20030,56914,ABC
2017-07-10,20200,20200,19360,19400,44800,ABC
2017-07-11,19820,19820,18560,19100,180140,ABC
2017-07-12,16090,20210,16090,18710,34740,ABC
2017-07-13,17960,17960,16010,16239,77790,ABC
2017-07-14,15720,15720,14590,14890,65440,ABC
2017-07-17,14220,14970,14220,14520,21650,ABC
2017-07-18,14520,14520,13620,13840,38417,ABC
2017-07-19,13550,14220,13470,14220,7700,ABC
2017-07-20,14070,15640,13990,14590,9411,ABC
2017-07-21,14590,14970,14220,14590,8249,ABC
2017-07-24,14970,16760,14970,15640,162600,ABC
2017-07-25,17360,17960,16090,17590,208507,ABC
2017-07-26,17210,17210,16390,16690,159601,ABC
2017-07-27,16610,17660,16390,17590,107460,ABC
2017-07-28,16910,18860,16910,18410,86330,ABC
2017-07-31,18330,18330,16990,17290,71713,ABC
2017-08-01,17210,17290,17060,17210,46300,ABC
2017-08-02,17060,17210,16540,16760,58624,ABC
2017-08-03,16460,16840,15340,15340,83400,ABC
2017-08-04,15940,15940,14890,14970,80587,ABC
2017-08-07,15190,15190,14220,14220,92900,ABC
2017-08-08,14590,14970,14070,14140,75310,ABC
2017-08-09,14590,14890,14220,14220,93800,ABC
2017-08-10,14290,14290,13920,14220,74228,ABC
2017-08-11,14370,14370,13840,13840,36510,ABC
2017-08-14,13840,13840,13320,13320,78700,ABC
2017-08-15,13470,13470,12950,13250,63401,ABC
2017-08-16,13020,13100,12350,12650,135907,ABC
2017-08-17,12800,13400,12570,12570,70880,ABC
2017-08-18,12650,12650,12200,12350,43300,ABC
2017-08-21,12570,12870,12350,12720,156910,ABC
2017-08-22,12870,13100,12720,12800,78300,ABC
2017-08-23,12800,13100,12650,13100,22800,ABC
2017-08-24,12800,13470,12720,13320,65500,ABC
2017-08-25,13250,15040,13170,15040,297590,ABC
2017-08-28,15120,16309,15120,15790,140383,ABC
2017-08-29,15870,15940,14820,14970,91600,ABC
2017-08-30,14970,14970,13470,14370,67335,ABC
2017-08-31,14970,14970,13920,14370,22365,ABC
2017-09-01,14070,14820,13920,14520,38525,ABC
2017-09-05,14520,14740,14140,14370,73035,ABC
2017-09-06,14370,14370,13840,14220,51085,ABC
2017-09-07,14370,14370,14140,14220,36260,ABC
2017-09-08,14220,14370,14070,14290,43000,ABC
2017-09-11,14220,14220,13920,13920,13400,ABC
2017-09-12,14140,14140,13840,13920,15800,ABC
2017-09-13,13840,13990,13770,13990,19120,ABC
2017-09-14,13990,14590,13920,14370,38700,ABC
2017-09-15,14670,14670,14220,14220,13400,ABC
2017-09-18,14070,14220,14070,14140,11900,ABC
2017-09-19,14140,14140,13920,14140,17400,ABC
2017-09-20,14140,14220,13920,14070,39800,ABC
2017-09-21,14140,14140,13920,13920,12300,ABC
2017-09-22,14070,14070,13770,13840,16200,ABC
2017-09-25,13920,13920,13690,13690,15800,ABC
2017-09-26,13620,13770,13100,13550,42143,ABC
2017-09-27,13690,13690,13470,13550,9900,ABC
2017-09-28,13620,13620,13470,13550,9350,ABC
2017-09-29,13470,13620,13400,13400,10000,ABC
2017-10-02,13470,13550,13100,13100,13700,ABC
2017-10-03,12800,13400,12800,13320,14300,ABC
2017-10-04,13250,13470,13170,13400,7520,ABC
2017-10-05,13400,13400,13100,13100,11500,ABC
2017-10-06,13400,13470,13250,13400,1600,ABC
2017-10-09,13320,13320,13250,13320,11100,ABC
2017-10-10,13400,13400,13100,13100,10910,ABC
2017-10-11,13170,13170,12950,12950,22200,ABC
2017-10-12,12950,13400,12720,13250,26200,ABC
2017-10-13,13400,13400,13100,13170,10800,ABC
2017-10-16,13250,13250,13170,13170,11700,ABC
2017-10-17,13170,13170,13020,13020,10000,ABC
2017-10-18,13020,13020,12950,12950,9400,ABC
2017-10-19,13020,13020,12800,12950,31600,ABC
2017-10-20,12950,13100,12870,12870,8700,ABC
2017-10-23,12870,13250,12720,12720,43310,ABC
2017-10-24,12420,12650,12420,12570,29920,ABC
2017-10-25,12420,12720,12420,12720,13100,ABC
2017-10-26,12720,12720,12350,12350,8900,ABC
2017-10-27,12420,12420,12270,12350,11500,ABC
2017-10-30,12420,12420,12270,12270,1800,ABC
2017-10-31,12050,12050,11080,11750,8000,ABC
2017-11-01,11820,11970,11450,11600,10000,ABC
2017-11-02,11520,11970,11230,11600,9640,ABC
2017-11-03,11520,11520,11230,11370,6800,ABC
2017-11-06,11370,11670,11370,11670,26000,ABC
2017-11-07,11820,11900,11670,11900,1500,ABC
2017-11-08,11820,11970,11750,11970,2700,ABC
2017-11-09,12050,12720,12050,12650,17800,ABC
2017-11-10,12720,13020,12500,12800,19580,ABC
2017-11-13,12720,12950,12270,12270,32000,ABC
2017-11-14,11820,12570,11750,11970,5800,ABC
2017-11-15,12050,12350,12050,12350,1840,ABC
2017-11-16,12050,12200,11900,11900,13910,ABC
2017-11-17,11820,12120,11820,12050,2420,ABC
2017-11-20,11970,12200,11820,12200,9300,ABC
2017-11-21,12270,12270,11820,11820,17566,ABC
2017-11-22,11900,11970,11750,11900,6000,ABC
2017-11-23,11970,11970,11750,11750,4600,ABC
2017-11-24,11820,11820,11750,11820,7600,ABC
2017-11-27,11970,11970,11820,11900,5650,ABC
2017-11-28,11970,12050,11750,11750,15311,ABC
2017-11-29,11750,12050,11750,11820,10531,ABC
2017-11-30,11820,11900,11370,11900,8600,ABC
2017-12-01,11820,12050,11820,12050,26900,ABC
2017-12-04,11970,12350,11900,11900,8721,ABC
2017-12-05,11900,11970,11820,11970,10800,ABC
2017-12-06,11970,12120,11970,11970,17014,ABC
2017-12-07,11970,11970,11750,11750,9119,ABC
2017-12-08,11670,11750,11670,11750,6400,ABC
2017-12-11,11670,11750,11520,11520,6400,ABC
2017-12-12,11450,11600,11450,11520,7550,ABC
2017-12-13,11520,11520,10550,11520,17020,ABC
2017-12-14,11520,11600,10930,11370,10700,ABC
2017-12-15,11300,11670,11300,11600,6100,ABC
2017-12-18,11600,11600,11230,11520,8300,ABC
2017-12-19,11750,11820,11300,11300,5600,ABC
2017-12-20,11230,11600,11230,11600,26300,ABC
2017-12-21,11230,11300,11230,11230,13700,ABC
2017-12-22,11300,11300,11080,11230,20300,ABC
2017-12-25,11230,11450,11150,11230,11302,ABC
2017-12-26,11450,11450,11230,11300,11700,ABC
2017-12-27,11370,11370,11230,11230,2210,ABC
2017-12-28,11370,11450,11150,11150,12240,ABC
2017-12-29,11230,11230,11080,11080,1900,ABC
2018-01-02,11370,11370,11080,11080,2600,ABC
2018-01-03,11150,11150,10850,10930,18600,ABC
2018-01-04,10930,11000,10850,10930,19410,ABC
2018-01-05,11000,11000,10850,10850,7900,ABC
2018-01-08,10930,11080,10930,10930,23630,ABC
2018-01-09,11000,11150,11000,11080,7400,ABC
2018-01-10,11080,11450,11080,11230,25950,ABC
2018-01-11,11080,11370,11080,11150,14200,ABC
2018-01-12,11230,11230,11000,11000,3500,ABC
2018-01-15,11230,11370,11230,11370,20600,ABC
2018-01-16,11370,11750,11230,11450,13934,ABC
2018-01-17,11450,11450,11300,11300,11100,ABC
2018-01-18,11300,11300,11300,11300,0,ABC
2018-01-19,11370,11450,11000,11000,8539,ABC
2018-01-22,11450,11670,11450,11670,27159,ABC
2018-01-23,11820,12720,11750,12200,30509,ABC
2018-01-24,12050,12950,12050,12870,52000,ABC
2018-01-25,12720,12720,11900,11900,17500,ABC
2018-01-26,11900,11900,11230,11520,23040,ABC
2018-01-29,11300,11670,10930,11600,46300,ABC
2018-01-30,11600,12270,11600,11900,5600,ABC
2018-01-31,11600,11600,11370,11370,7710,ABC
2018-02-01,11450,11450,10480,11080,32900,ABC
2018-02-02,11000,11450,11000,11230,9000,ABC
2018-02-05,11370,11820,11370,11750,61565,ABC
2018-02-06,11670,11670,10630,11520,83800,ABC
2018-02-07,11230,11520,11230,11300,16500,ABC
2018-02-08,11300,11450,11300,11300,12800,ABC
2018-02-09,11230,11230,10930,11080,14440,ABC
2018-02-12,11080,11520,11080,11520,5100,ABC
2018-02-13,11520,12120,11520,12050,53752,ABC
2018-02-21,12050,12200,11750,12200,26147,ABC
2018-02-22,12200,12420,12050,12120,26060,ABC
2018-02-23,12650,12650,12270,12420,26000,ABC
2018-02-26,12420,12500,11970,11970,31200,ABC
2018-02-27,12200,12200,11670,12120,16800,ABC
2018-02-28,11970,12120,11450,12050,11800,ABC
2018-03-01,11970,12200,11970,12120,13166,ABC
2018-03-02,12120,12120,11820,12050,14200,ABC
2018-03-05,11970,11970,11750,11820,14500,ABC
2018-03-06,11900,12050,11900,11970,2700,ABC
2018-03-07,12120,12120,11820,11970,11300,ABC
2018-03-08,11820,11970,11820,11820,9700,ABC
2018-03-09,11820,12120,11670,11750,9700,ABC
2018-03-12,11970,11970,11600,11750,4200,ABC
2018-03-13,11820,11820,11450,11450,24600,ABC
2018-03-14,11600,11600,11520,11520,13700,ABC
2018-03-15,11520,11520,11300,11450,37100,ABC
2018-03-16,11450,11820,11450,11520,1730,ABC
2018-03-19,11670,11670,11600,11600,4300,ABC
2018-03-20,11600,11670,11600,11600,15010,ABC
2018-03-21,11450,11520,11370,11450,13200,ABC
2018-03-22,11300,11670,11300,11670,300,ABC
2018-03-23,11230,11230,10550,10850,91000,ABC
2018-03-26,10850,11230,10700,11080,5600,ABC
2018-03-27,11080,11450,11080,11150,9000,ABC
2018-03-28,11300,11300,11080,11080,3500,ABC
2018-03-29,11370,11370,10630,11230,17800,ABC
2018-03-30,11300,11450,10700,11450,35300,ABC
2018-04-02,11230,11600,11230,11600,23500,ABC
2018-04-03,11230,11520,11150,11520,19200,ABC
2018-04-04,11150,11450,11080,11450,8800,ABC
2018-04-05,11370,11520,11150,11150,16900,ABC
2018-04-06,11230,11300,10930,11300,12730,ABC
2018-04-09,11080,11230,10180,10550,26600,ABC
2018-04-10,10480,10850,9350,10100,83520,ABC
2018-04-11,10180,10850,10180,10480,4600,ABC
2018-04-12,10550,10780,10480,10700,35100,ABC
2018-04-13,10400,10480,10100,10480,20320,ABC
2018-04-16,10700,10700,10030,10400,3700,ABC
2018-04-17,10330,10330,10180,10250,13100,ABC
2018-04-18,10100,10250,10100,10250,9400,ABC
2018-04-19,10180,10180,10030,10030,12000,ABC
2018-04-20,10100,10330,10100,10250,10700,ABC
2018-04-23,10180,10180,9950,9950,5790,ABC
2018-04-24,10100,10100,10030,10030,200,ABC
2018-04-26,9880,10100,9730,9730,21500,ABC
2018-04-27,9730,9880,9580,9880,6600,ABC
2018-05-02,10100,10630,8310,9650,25000,ABC
2018-05-03,9500,9500,8980,9350,23900,ABC
2018-05-04,9430,9500,9430,9500,14600,ABC
2018-05-07,9350,9350,8610,8610,31200,ABC
2018-05-08,8610,8760,7480,7480,134000,ABC
2018-05-09,7930,7930,6960,7030,98600,ABC
2018-05-10,6810,7110,6440,6740,56170,ABC
2018-05-11,6740,6880,6360,6810,29810,ABC
2018-05-14,6880,7260,6810,7110,27448,ABC
2018-05-15,7260,7260,7030,7110,10076,ABC
2018-05-16,7260,7260,7110,7180,16445,ABC
2018-05-17,7180,7180,7110,7110,39400,ABC
2018-05-18,7480,7480,6810,6880,12190,ABC
2018-05-21,7180,7180,6810,6960,1210,ABC
2018-05-22,6810,6810,6360,6360,21646,ABC
2018-05-23,6590,6740,6590,6590,16000,ABC
2018-05-24,6660,6660,6510,6510,13810,ABC
2018-05-25,6360,6360,6290,6290,3100,ABC
2018-05-28,6290,6360,5910,5990,10090,ABC
2018-05-29,5990,6210,5840,6210,4745,ABC
2018-05-30,5990,5990,5610,5610,6400,ABC
2018-05-31,5990,5990,5910,5910,9000,ABC
2018-06-01,5990,5990,5840,5840,9560,ABC
2018-06-04,5840,5910,5090,5610,37437,ABC
2018-06-05,5990,5990,4940,5610,17553,ABC
2018-06-06,5610,5910,5610,5910,26793,ABC
2018-06-07,5840,5990,5690,5910,12661,ABC
2018-06-08,5910,5910,5760,5840,9421,ABC
2018-06-11,5910,6140,5840,5840,29272,ABC
2018-06-12,5910,5910,5910,5910,3040,ABC
2018-06-13,5610,5910,5610,5840,20580,ABC
2018-06-14,5910,5990,5760,5760,4400,ABC
2018-06-15,5760,5840,5610,5840,13800,ABC
2018-06-18,5610,5610,5240,5240,5000,ABC
2018-06-19,5310,5540,5310,5540,4500,ABC
2018-06-20,5310,5540,5310,5460,2600,ABC
2018-06-21,5310,5310,5240,5240,4020,ABC
2018-06-22,5310,5610,5240,5390,9100,ABC
2018-06-25,5390,5540,5390,5390,2900,ABC
2018-06-26,5390,5390,5310,5310,10060,ABC
2018-06-27,5390,5460,5390,5390,4824,ABC
2018-06-28,5310,5460,5310,5390,1200,ABC
2018-06-29,5310,5460,5310,5460,10730,ABC
2018-07-02,5390,5390,5160,5310,2630,ABC
2018-07-03,5310,5310,5090,5240,18318,ABC
2018-07-04,5160,5240,5160,5240,5542,ABC
2018-07-05,5160,5160,5010,5010,2900,ABC
2018-07-06,4860,5160,4860,5090,4815,ABC
2018-07-09,5240,5310,4790,4940,14600,ABC
2018-07-10,5240,5240,5090,5160,22600,ABC
2018-07-11,5240,5240,5010,5010,8315,ABC
2018-07-12,5240,5240,5090,5090,4100,ABC
2018-07-13,5160,5160,5010,5010,5107,ABC
2018-07-16,5160,5160,5090,5090,4800,ABC
2018-07-17,4940,5090,4940,5090,4300,ABC
2018-07-18,5010,5090,4940,5090,10410,ABC
2018-07-19,5010,5010,5010,5010,20400,ABC
2018-07-20,5090,5240,4940,5160,27800,ABC
2018-07-23,5240,5840,5240,5840,48345,ABC
2018-07-24,5990,6590,5840,6060,25400,ABC
2018-07-25,5990,6060,5690,5840,13200,ABC
2018-07-26,5460,5540,5090,5540,14800,ABC
2018-07-27,5460,5460,5240,5240,16300,ABC
2018-07-30,5310,5310,5160,5240,19200,ABC
2018-07-31,5240,5310,5160,5310,7600,ABC
2018-08-01,5310,5310,5010,5240,22400,ABC
2018-08-02,5090,5160,5010,5090,8860,ABC
2018-08-03,5160,5390,5090,5090,11000,ABC
2018-08-06,5310,5310,5160,5240,14800,ABC
2018-08-07,5240,5310,5240,5240,8300,ABC
2018-08-08,5310,5310,5240,5310,3302,ABC
2018-08-09,5310,5310,5310,5310,14100,ABC
2018-08-10,5310,5310,5240,5310,23000,ABC
2018-08-13,5240,5390,5240,5310,15900,ABC
2018-08-14,5310,5460,5310,5390,5601,ABC
2018-08-15,5390,5390,5310,5390,41200,ABC
2018-08-16,5390,5390,5390,5390,7800,ABC
2018-08-17,5390,5610,5390,5610,8400,ABC
2018-08-20,5540,5540,5390,5540,11940,ABC
2018-08-21,5390,5390,5390,5390,5207,ABC
2018-08-22,5390,5390,5390,5390,9203,ABC
2018-08-23,5390,5460,5390,5460,14800,ABC
2018-08-24,5610,5610,5390,5540,9200,ABC
2018-08-27,5540,5610,5460,5610,38449,ABC
2018-08-28,5540,5840,5540,5840,29401,ABC
2018-08-29,5840,6510,5840,6510,118560,ABC
2018-08-30,7030,7330,7030,7330,40319,ABC
2018-08-31,8380,8380,7860,8380,100059,ABC
2018-09-04,8610,9580,8380,9580,256705,ABC
2018-09-05,10480,10930,10480,10930,214510,ABC
2018-09-06,12500,12500,9350,9350,166857,ABC
2018-09-07,8980,8980,8980,8980,9600,ABC
2018-09-10,7630,8230,7630,7630,163753,ABC
2018-09-11,6740,8680,6740,7930,65070,ABC
2018-09-12,8230,8760,7260,7860,58730,ABC
2018-09-13,7710,7710,6810,7410,52220,ABC
2018-09-14,7110,7930,6810,7260,165455,ABC
2018-09-17,7710,7780,7180,7480,32490,ABC
2018-09-18,7480,7780,7330,7780,29200,ABC
2018-09-19,7560,7630,7180,7630,68700,ABC
2018-09-20,7630,7710,7260,7410,33320,ABC
2018-09-21,7480,7710,7260,7560,34700,ABC
2018-09-24,7560,7560,7260,7330,18200,ABC
2018-09-25,7260,7480,7180,7180,27330,ABC
2018-09-26,7410,7410,7180,7260,23050,ABC
2018-09-27,7410,7410,7330,7410,48330,ABC
2018-09-28,7330,7410,7330,7330,19800,ABC
2018-10-01,7480,7480,7260,7260,23411,ABC
2018-10-02,7260,7260,7110,7260,6520,ABC
2018-10-03,7260,7260,7110,7110,30940,ABC
2018-10-04,7260,7260,7110,7110,9900,ABC
2018-10-05,7180,7480,7110,7260,10460,ABC
2018-10-08,7180,7180,7030,7030,27200,ABC
2018-10-09,7330,7480,6960,7110,13900,ABC
2018-10-10,7110,7330,7110,7330,10900,ABC
2018-10-11,7110,7180,6360,6740,46300,ABC
2018-10-12,6740,7260,6740,7110,24300,ABC
2018-10-15,6960,7180,6880,7180,1539,ABC
2018-10-16,6960,7030,6880,6880,9100,ABC
2018-10-17,6960,7030,6960,7030,8400,ABC
2018-10-18,7030,7030,6740,6740,9400,ABC
2018-10-19,6810,7180,6740,7030,15540,ABC
2018-10-22,6960,7180,6740,6740,19900,ABC
2018-10-23,6960,6960,6590,6590,14654,ABC
2018-10-24,6740,6740,6440,6440,11020,ABC
2018-10-25,6360,6360,6290,6360,37820,ABC
2018-10-26,6210,6590,6210,6440,8500,ABC
2018-10-29,6290,6360,6290,6290,16000,ABC
2018-10-30,6440,6660,6360,6660,3800,ABC
2018-10-31,6740,6740,6740,6740,2000,ABC
2018-11-01,5990,6510,5990,6440,1800,ABC
2018-11-02,6660,6740,6660,6740,1000,ABC
2018-11-05,6660,6810,6590,6810,2810,ABC
2018-11-06,6740,6740,6590,6740,6206,ABC
2018-11-07,6590,6810,6590,6660,3600,ABC
2018-11-08,6810,6810,6590,6590,2610,ABC
2018-11-09,6590,6740,6060,6510,6800,ABC
2018-11-12,6290,6290,6210,6210,1840,ABC
2018-11-13,6740,7110,6440,7110,28100,ABC
2018-11-14,7260,7780,7260,7780,74728,ABC
2018-11-15,8230,8610,7480,7710,39813,ABC
2018-11-16,8230,8230,7480,7930,30090,ABC
2018-11-19,7480,7480,6740,7110,19009,ABC
2018-11-20,6960,7180,6810,7030,13200,ABC
2018-11-21,7110,7110,6660,6810,30703,ABC
2018-11-22,6740,7410,6740,7410,20112,ABC
2018-11-23,7180,7330,7030,7110,2510,ABC
2018-11-26,7110,7110,7030,7110,6100,ABC
2018-11-27,7030,7410,7030,7180,27420,ABC
2018-11-28,7180,7260,7030,7260,5310,ABC
2018-11-29,7330,7330,7110,7260,8410,ABC
2018-11-30,7260,7260,7180,7180,4700,ABC
2018-12-03,7180,7260,7110,7260,2000,ABC
2018-12-04,7110,7110,6960,7110,5600,ABC
2018-12-05,6960,7180,6960,7180,1700,ABC
2018-12-06,7180,7180,6960,7110,2100,ABC
2018-12-07,6960,7110,6960,7110,4110,ABC
2018-12-10,7110,7110,7110,7110,2100,ABC
2018-12-11,7110,7110,6960,7030,2500,ABC
2018-12-12,7030,7030,7030,7030,4103,ABC
2018-12-13,7110,7180,7030,7180,4000,ABC
2018-12-14,7110,7110,7110,7110,400,ABC
2018-12-17,7110,7110,7110,7110,100,ABC
2018-12-18,6880,7030,6880,6960,5600,ABC
2018-12-19,6960,7030,6960,6960,6950,ABC
2018-12-20,6810,6880,6810,6880,1700,ABC
2018-12-21,6810,6880,6810,6880,2310,ABC
2018-12-24,7030,7030,6880,6880,1957,ABC
2018-12-25,7030,7030,6810,6880,9200,ABC
2018-12-26,6880,6880,6880,6880,10200,ABC
2018-12-27,7110,7260,7030,7030,11900,ABC
2018-12-28,6960,7030,6960,6960,3100,ABC
2019-01-02,7110,7110,6960,6960,800,ABC
2019-01-03,6960,6960,6960,6960,600,ABC
2019-01-04,6960,7030,6880,6960,4111,ABC
2019-01-07,7030,7030,6960,7030,3800,ABC
2019-01-08,7110,7110,6810,6810,1200,ABC
2019-01-09,7030,7030,6810,6810,3000,ABC
2019-01-10,7030,7030,6960,6960,200,ABC
2019-01-11,6960,6960,6810,6810,4100,ABC
2019-01-14,7030,7030,6810,6810,3400,ABC
2019-01-15,6810,6810,6660,6660,5000,ABC
2019-01-16,6880,6880,6740,6740,4211,ABC
2019-01-17,6960,6960,6810,6810,1500,ABC
2019-01-18,6740,6740,6740,6740,3710,ABC
2019-01-21,6880,6880,6880,6880,5200,ABC
2019-01-22,6880,6960,6880,6960,5700,ABC
2019-01-23,6810,6810,6510,6810,13400,ABC
2019-01-24,6810,6810,6510,6510,8220,ABC
2019-01-25,6590,6810,6590,6810,10200,ABC
2019-01-28,6660,6740,6510,6740,11600,ABC
2019-01-29,6740,6880,6660,6810,19000,ABC
2019-01-30,6880,6960,6740,6740,1600,ABC
2019-01-31,6810,6880,6810,6880,4700,ABC
2019-02-01,6880,7030,6880,6880,4310,ABC
2019-02-11,7110,7180,6960,6960,13920,ABC
2019-02-12,6960,7110,6880,6880,8400,ABC
2019-02-13,6880,6880,6740,6810,6167,ABC
2019-02-14,7030,7030,6810,6810,2300,ABC
2019-02-15,6880,6880,6880,6880,200,ABC
2019-02-18,6880,6880,6880,6880,1100,ABC
2019-02-19,6880,7410,6880,7030,25040,ABC
2019-02-20,7180,7180,7180,7180,100,ABC
2019-02-21,7110,7110,7110,7110,16807,ABC
2019-02-22,7110,7110,6960,7030,5900,ABC
2019-02-25,7030,7110,7030,7110,4400,ABC
2019-02-26,7030,7030,7030,7030,6965,ABC
2019-02-27,7260,7330,7260,7330,370,ABC
2019-02-28,7030,7030,7030,7030,1500,ABC
2019-03-01,7030,7180,7030,7180,8600,ABC
2019-03-04,7030,7030,6960,7030,14590,ABC
2019-03-05,7110,7110,7030,7030,2201,ABC
2019-03-06,7030,7110,7030,7030,4420,ABC
2019-03-07,7030,7030,6960,7030,5800,ABC
2019-03-08,7110,7110,6880,6880,8990,ABC
2019-03-11,7110,7410,6960,6960,24905,ABC
2019-03-12,6960,6960,6810,6810,10300,ABC
2019-03-13,6880,6960,6810,6880,7816,ABC
2019-03-14,6880,6880,6880,6880,1500,ABC
2019-03-15,6810,6810,6740,6740,5300,ABC
2019-03-18,6880,7030,6880,7030,16531,ABC
2019-03-19,7030,7180,6960,6960,11000,ABC
2019-03-20,6960,6960,6880,6880,700,ABC
2019-03-21,7110,7110,6880,6880,3500,ABC
2019-03-22,6740,6880,6740,6880,1300,ABC
2019-03-25,6740,6740,6660,6740,29500,ABC
2019-03-26,6810,6880,6810,6810,13310,ABC
2019-03-27,6960,7030,6880,6960,20600,ABC
2019-03-28,6880,6880,6740,6740,7002,ABC
2019-03-29,7410,7410,6740,6880,12900,ABC
2019-04-01,6960,7860,6960,7860,103513,ABC
2019-04-02,7860,7930,7410,7480,68900,ABC
2019-04-03,7630,7630,7180,7260,12605,ABC
2019-04-04,7030,7260,7030,7030,24500,ABC
2019-04-05,7180,7410,7180,7330,9800,ABC
2019-04-08,7260,7480,7180,7260,26700,ABC
2019-04-09,7260,7330,7180,7180,26100,ABC
2019-04-10,7260,7330,7110,7180,10300,ABC
2019-04-11,7180,7330,7180,7330,3500,ABC
2019-04-12,7260,7260,7110,7180,4800,ABC
2019-04-16,7180,7260,7030,7260,30230,ABC
2019-04-17,7030,7180,7030,7110,4100,ABC
2019-04-18,7110,7110,7110,7110,3500,ABC
2019-04-19,7180,7180,6880,7110,21600,ABC
2019-04-22,7110,7110,7110,7110,10000,ABC
2019-04-23,7260,7260,7180,7180,400,ABC
2019-04-24,7180,7260,7180,7260,10410,ABC
2019-04-25,7260,7260,7030,7030,16900,ABC
2019-04-26,7180,7180,6960,7110,7514,ABC
2019-05-02,7110,7110,7030,7110,5800,ABC
2019-05-03,7110,7110,7030,7030,5516,ABC
2019-05-06,7030,7030,7030,7030,24500,ABC
2019-05-07,7030,7030,7030,7030,3630,ABC
2019-05-08,6880,6960,6880,6960,22600,ABC
2019-05-09,6960,7030,6960,7030,1600,ABC
2019-05-10,7030,7030,6960,6960,2900,ABC
2019-05-13,7030,7110,7030,7110,19220,ABC
2019-05-14,7030,7030,6960,6960,28705,ABC
2019-05-15,7180,7180,7110,7110,3000,ABC
2019-05-16,7030,7030,6960,7030,11100,ABC
2019-05-17,7110,7110,7030,7030,12410,ABC
2019-05-20,6960,7030,6960,6960,13000,ABC
2019-05-21,7030,7110,7030,7110,1200,ABC
2019-05-22,7030,7030,6960,6960,32000,ABC
2019-05-23,7030,7030,6960,6960,3220,ABC
2019-05-24,6960,7110,6960,7110,7541,ABC
2019-05-27,7030,7030,6960,6960,11553,ABC
2019-05-28,6960,6960,6880,6880,12500,ABC
2019-05-29,6960,6960,6960,6960,9700,ABC
2019-05-30,7030,7110,6960,6960,9020,ABC
2019-05-31,7110,7260,7110,7110,9760,ABC
2019-06-03,7180,7180,6960,6960,13700,ABC
2019-06-04,7260,7630,7110,7180,11820,ABC
2019-06-05,7180,7180,7180,7180,810,ABC
2019-06-06,7410,7410,7180,7180,11610,ABC
2019-06-07,7110,7180,7110,7180,600,ABC
2019-06-10,6960,7180,6960,7180,2530,ABC
2019-06-11,7110,7560,7110,7410,58100,ABC
2019-06-12,7480,7480,7260,7260,11570,ABC
2019-06-13,7260,7480,7260,7480,22900,ABC
2019-06-14,7710,7710,7410,7710,40500,ABC
2019-06-17,7710,8080,7710,8010,75910,ABC
2019-06-18,8160,8230,7710,7860,34820,ABC
2019-06-19,7780,7930,7630,7930,45000,ABC
2019-06-20,7930,8680,7930,8530,79360,ABC
2019-06-21,8610,8610,8230,8230,27371,ABC
2019-06-24,8230,8610,8080,8310,32520,ABC
2019-06-25,9050,9050,8220,8310,14710,ABC
2019-06-26,8220,8220,7730,7980,37410,ABC
2019-06-27,7730,7890,7400,7400,43100,ABC
2019-06-28,7400,7400,7240,7320,32410,ABC
2019-07-01,7480,7890,7480,7810,21458,ABC
2019-07-02,7890,7890,7730,7810,11900,ABC
2019-07-03,7890,7890,7570,7570,8400,ABC
2019-07-04,7570,7810,7480,7810,3510,ABC
2019-07-05,7650,7730,7480,7650,8167,ABC
2019-07-08,7730,7730,7570,7730,4548,ABC
2019-07-09,7730,7980,7730,7980,24927,ABC
2019-07-10,8060,8960,8060,8960,112995,ABC
2019-07-11,9050,9540,8800,9380,72000,ABC
2019-07-12,9380,9380,8880,9130,43500,ABC
2019-07-15,8720,9210,8720,9210,14901,ABC
2019-07-16,8960,9210,8880,9050,16703,ABC
2019-07-17,8800,8960,8720,8960,3800,ABC
2019-07-18,8880,9050,8800,8800,7700,ABC
2019-07-19,8880,8880,8310,8720,20600,ABC
2019-07-22,8880,9700,8880,8960,92701,ABC
2019-07-23,9050,9050,8630,8960,29620,ABC
2019-07-24,8880,8880,8550,8880,14750,ABC
2019-07-25,8550,8800,8390,8720,29920,ABC
2019-07-26,8390,8550,8220,8390,34300,ABC
2019-07-29,8220,8310,8060,8060,22441,ABC
2019-07-30,8140,8140,7890,7980,17300,ABC
2019-07-31,7980,8140,7890,8060,5400,ABC
2019-08-01,8060,8630,8060,8550,15503,ABC
2019-08-02,8140,8220,8140,8220,12900,ABC
2019-08-05,8220,8310,8140,8220,26500,ABC
2019-08-06,8220,8800,8220,8550,35420,ABC
2019-08-07,8630,9380,8550,9210,60617,ABC
2019-08-08,9210,9540,8720,8880,57100,ABC
2019-08-09,8960,8960,8390,8800,64000,ABC
2019-08-12,8550,8800,8390,8630,12710,ABC
2019-08-13,8630,8630,8310,8470,18830,ABC
2019-08-14,8390,9050,8310,8720,28217,ABC
2019-08-15,8470,8630,8470,8470,4900,ABC
2019-08-16,8390,8470,8390,8470,6301,ABC
2019-08-19,8470,8880,8390,8550,19600,ABC
2019-08-20,8550,8630,8470,8630,10217,ABC
2019-08-21,8800,8800,8390,8470,44801,ABC
2019-08-22,8390,8550,8390,8550,16120,ABC
2019-08-23,8720,8720,8140,8310,35100,ABC
2019-08-26,8220,8220,8140,8220,4420,ABC
2019-08-27,8220,8390,8220,8220,10500,ABC
2019-08-28,8140,8140,7730,7980,37110,ABC
2019-08-29,7980,8060,7810,8060,10800,ABC
2019-08-30,7980,7980,7980,7980,5000,ABC
2019-09-03,7980,8220,7980,8220,8550,ABC
2019-09-04,8060,8060,7980,7980,9600,ABC
2019-09-05,8140,8140,8140,8140,1700,ABC
2019-09-06,8060,8060,7980,7980,1600,ABC
2019-09-09,7980,7980,7980,7980,19130,ABC
2019-09-10,7980,7980,7810,7810,8900,ABC
2019-09-11,7980,7980,7810,7810,2800,ABC
2019-09-12,7890,7980,7890,7980,1540,ABC
2019-09-13,7890,7890,7890,7890,440,ABC
2019-09-16,8060,8220,7980,8220,7534,ABC
2019-09-17,8140,8220,7980,7980,3300,ABC
2019-09-18,8140,8140,8140,8140,3040,ABC
2019-09-19,8060,8060,8060,8060,7710,ABC
2019-09-20,7980,8060,7890,7890,19600,ABC
2019-09-23,8060,8060,7810,7810,63300,ABC
2019-09-24,7890,7890,7810,7890,2120,ABC
2019-09-25,7890,7980,7650,7730,58834,ABC
2019-09-26,7890,7890,7890,7890,6350,ABC
2019-09-27,7890,9050,6740,7810,7100,ABC
2019-09-30,7730,7890,7730,7810,6500,ABC
2019-10-01,7730,7810,7730,7810,5700,ABC
2019-10-02,7730,7810,7730,7810,2421,ABC
2019-10-03,7730,7730,7570,7650,4500,ABC
2019-10-04,7730,7730,7730,7730,1900,ABC
2019-10-07,7650,7650,7570,7650,3200,ABC
2019-10-08,7730,7730,7570,7570,2115,ABC
2019-10-09,7650,7730,7650,7730,1100,ABC
2019-10-10,7730,7730,7650,7650,1100,ABC
2019-10-11,7730,7730,7650,7650,3000,ABC
2019-10-14,7650,7730,7650,7730,9700,ABC
2019-10-15,7730,7730,7650,7650,4400,ABC
2019-10-16,7730,7730,7650,7650,3300,ABC
2019-10-17,7650,7650,7650,7650,100,ABC
2019-10-18,7650,7650,7650,7650,1380,ABC
2019-10-21,7570,8720,7570,8720,79375,ABC
2019-10-22,9540,9700,8720,8960,116152,ABC
2019-10-23,9050,9050,8310,8390,12157,ABC
2019-10-24,8310,8800,8310,8550,24016,ABC
2019-10-25,8220,8630,8220,8630,9310,ABC
2019-10-28,8470,8470,8220,8220,29187,ABC
2019-10-29,8140,8550,7980,8220,6700,ABC
2019-10-30,8060,8390,7980,8060,7238,ABC
2019-10-31,7980,8310,7980,8310,3100,ABC
2019-11-01,8220,8220,7890,7980,24410,ABC
2019-11-04,8060,8060,7810,7810,3355,ABC
2019-11-05,7890,8220,7890,8220,34400,ABC
2019-11-06,8220,8220,7980,8060,4170,ABC
2019-11-07,8060,8060,7980,7980,24800,ABC
2019-11-08,7980,8220,7980,8220,1500,ABC
2019-11-11,7980,7980,7890,7980,6250,ABC
2019-11-12,8060,8220,8060,8140,8200,ABC
2019-11-13,8060,8060,8060,8060,4600,ABC
2019-11-14,8060,8060,7980,7980,2701,ABC
2019-11-15,7980,7980,7980,7980,4200,ABC
2019-11-18,7980,7980,7890,7890,17200,ABC
2019-11-19,7890,7890,7890,7890,1000,ABC
2019-11-20,7890,8060,7810,8060,26601,ABC
2019-11-21,7890,7980,7890,7980,1100,ABC
2019-11-22,7890,7890,7890,7890,1367,ABC
2019-11-25,7890,7890,7890,7890,2900,ABC
2019-11-26,8140,8140,8140,8140,1500,ABC
2019-11-27,8060,8140,8060,8060,1900,ABC
2019-11-28,7810,8220,7810,8220,9905,ABC
2019-11-29,8220,8220,8220,8220,1425,ABC
2019-12-02,8220,8220,8220,8220,0,ABC
2019-12-03,8060,8140,8060,8140,28037,ABC
2019-12-04,8140,8140,7980,7980,3100,ABC
2019-12-05,8060,8060,8060,8060,2600,ABC
2019-12-06,8060,8060,7890,7890,9800,ABC
2019-12-09,7980,7980,7980,7980,100,ABC
2019-12-10,8060,8060,8060,8060,1710,ABC
2019-12-11,8060,8060,8060,8060,4212,ABC
2019-12-12,8140,8140,8140,8140,5900,ABC
2019-12-13,8140,8140,8060,8060,3003,ABC
2019-12-16,8140,8140,8140,8140,1517,ABC
2019-12-17,8140,8140,8140,8140,12100,ABC
2019-12-18,8140,8220,8140,8140,8400,ABC
2019-12-19,8140,8140,8140,8140,10600,ABC
2019-12-20,8060,8060,7980,8060,1100,ABC
2019-12-23,8720,8800,8720,8800,300,ABC
2019-12-24,8060,8140,8060,8140,1000,ABC
2019-12-25,8060,8060,8060,8060,0,ABC
2019-12-26,8140,8140,8060,8060,1700,ABC
2019-12-27,8060,8140,8060,8140,2100,ABC
2019-12-30,8390,8390,8390,8390,100,ABC
2019-12-31,8060,8060,8060,8060,300,ABC
2020-01-02,8060,8060,7980,7980,3600,ABC
2020-01-03,7980,7980,7980,7980,2500,ABC
2020-01-06,8140,8720,8140,8720,16005,ABC
2020-01-07,8630,8630,8630,8060,200,ABC
2020-01-08,8140,8140,7980,7980,38100,ABC
2020-01-09,7980,8060,7980,8060,10800,ABC
2020-01-10,8060,8060,8060,8060,0,ABC
2020-01-13,8060,8060,8060,8060,4700,ABC
2020-01-14,8060,8060,7980,7980,3210,ABC
2020-01-15,8060,8060,8060,8060,100,ABC
2020-01-16,8060,8060,7980,7980,2900,ABC
2020-01-17,7980,7980,7980,7980,3030,ABC
2020-01-20,7980,8060,7980,7980,22100,ABC
2020-01-21,8800,8800,8060,8060,5500,ABC
2020-01-22,8220,8220,8220,8220,1300,ABC
2020-01-30,8060,8220,7980,8140,140000,ABC
2020-01-31,8060,8060,7980,7980,7100,ABC
2020-02-03,7980,7980,7400,7980,27200,ABC
2020-02-04,7730,7890,7730,7890,8741,ABC
2020-02-05,7810,7890,7810,7890,13605,ABC
2020-02-06,7890,7890,7890,7890,3800,ABC
2020-02-07,8060,8220,8060,8060,5200,ABC
2020-02-10,7890,7890,7730,7730,4320,ABC
2020-02-11,7810,7810,7730,7810,5300,ABC
2020-02-12,7730,7980,7570,7980,29400,ABC
2020-02-13,8060,8060,8060,8060,100,ABC
2020-02-14,7730,7810,7730,7810,4100,ABC
2020-02-17,7810,7810,7810,7810,7900,ABC
2020-02-18,7810,7810,7810,7730,3000,ABC
2020-02-19,7730,7810,7730,7810,2700,ABC
2020-02-20,7810,7980,7730,7730,2600,ABC
2020-02-21,7730,7890,7730,7890,2000,ABC
2020-02-24,7890,7890,7730,7810,7230,ABC
2020-02-25,7810,7810,7730,7810,1617,ABC
2020-02-26,7730,7810,7730,7810,2100,ABC
2020-02-27,7810,7810,7730,7810,11500,ABC
2020-02-28,7730,7730,7570,7730,5700,ABC
2020-03-02,7730,7730,7730,7730,1000,ABC
2020-03-03,7730,7730,7730,7730,3500,ABC
2020-03-04,7730,7810,7650,7810,14000,ABC
2020-03-05,7810,7980,7810,7890,7909,ABC
2020-03-06,7650,7890,6990,7890,18100,ABC
2020-03-09,7730,7730,7400,7400,35800,ABC
2020-03-10,7400,7570,7400,7570,2750,ABC
2020-03-11,7480,7480,7320,7320,12100,ABC
2020-03-12,7400,7400,7150,7240,26905,ABC
2020-03-13,7240,7240,7070,7240,13400,ABC
2020-03-16,7240,7240,7240,7240,500,ABC
2020-03-17,7320,7320,6990,6990,25505,ABC
2020-03-18,7150,7320,7070,7320,11800,ABC
2020-03-19,7240,7240,7240,7240,7400,ABC
2020-03-20,7240,7240,7240,7240,12705,ABC
2020-03-23,7240,7240,6660,6660,12510,ABC
2020-03-24,7070,7070,7070,7070,200,ABC
2020-03-25,7150,7150,6410,7150,5400,ABC
2020-03-26,7070,7070,7070,7070,600,ABC
2020-03-27,6830,7070,6830,6990,2100,ABC
2020-03-30,6910,6910,6580,6660,7310,ABC
2020-03-31,6740,6740,6500,6500,4000,ABC
2020-04-01,6580,6740,6500,6740,5500,ABC
2020-04-03,6660,7400,6660,7400,3100,ABC
2020-04-06,6830,7240,6830,7240,8310,ABC
2020-04-07,7240,7240,7070,7240,35300,ABC
2020-04-08,7070,7320,7070,7320,10105,ABC
2020-04-09,7320,7810,7240,7810,16000,ABC
2020-04-10,7480,7810,7480,7810,3300,ABC
2020-04-13,7650,7650,7650,7650,3100,ABC
2020-04-14,7650,7730,7650,7730,3300,ABC
2020-04-15,7480,7480,7480,7480,5500,ABC
2020-04-16,7480,7650,7480,7650,300,ABC
2020-04-17,7810,7890,7730,7730,3800,ABC
2020-04-20,7480,7810,7480,7730,11900,ABC
2020-04-21,7810,7980,7730,7810,34000,ABC
2020-04-22,7890,7980,7890,7890,16810,ABC
2020-04-23,7980,7980,7890,7980,3800,ABC
2020-04-24,7980,7980,7980,7980,1450,ABC
2020-04-27,7980,7980,7810,7890,7000,ABC
2020-04-28,7980,7980,7890,7980,17700,ABC
2020-04-29,7890,7890,7890,7890,400,ABC
2020-05-04,8060,8060,7810,7980,8810,ABC
2020-05-05,7890,7980,7890,7980,4800,ABC
2020-05-06,7890,7890,7890,7890,9400,ABC
2020-05-07,7890,7890,7730,7810,15100,ABC
2020-05-08,7730,7810,7650,7810,6300,ABC
2020-05-11,8140,8140,7890,7980,3620,ABC
2020-05-12,8140,8960,8140,8630,52380,ABC
2020-05-13,8630,8630,8630,8630,6900,ABC
2020-05-14,8630,8630,7890,8630,4215,ABC
2020-05-15,8470,8630,8140,8630,17000,ABC
2020-05-18,8630,8630,8220,8220,4750,ABC
2020-05-19,8630,8630,8470,8470,1248,ABC
2020-05-20,8470,8630,8470,8470,4600,ABC
2020-05-21,8470,8470,8470,8470,810,ABC
2020-05-22,8390,8470,8310,8470,6000,ABC
2020-05-25,8390,8630,8390,8390,1030,ABC
2020-05-26,8630,8630,8390,8390,6600,ABC
2020-05-27,8220,8470,8220,8470,2310,ABC
2020-05-28,8390,8550,8310,8550,4510,ABC
2020-05-29,8390,8390,8310,8310,7015,ABC
2020-06-01,8310,8630,8310,8390,2020,ABC
2020-06-02,8390,8390,8310,8310,1309,ABC
2020-06-03,8550,8550,8390,8390,7515,ABC
2020-06-04,8390,8630,8390,8390,22720,ABC
2020-06-05,8390,8390,8390,8390,11770,ABC
2020-06-08,8470,8550,8470,8550,5426,ABC
2020-06-09,8470,8880,8470,8470,30500,ABC
2020-06-10,8550,8550,8550,8550,1050,ABC
2020-06-11,8550,8550,8550,8550,7600,ABC
2020-06-12,8630,8630,8390,8470,14900,ABC
2020-06-15,8470,8470,8390,8470,47058,ABC
2020-06-16,8390,8390,8390,8390,0,ABC
2020-06-17,8470,8470,8390,8390,3801,ABC
2020-06-18,8390,8390,8390,8390,4000,ABC
2020-06-19,8470,8470,8470,8470,100,ABC
2020-06-22,8630,8630,8550,8550,1159,ABC
2020-06-23,8470,8470,8470,8470,8000,ABC
2020-06-24,8470,8470,8470,8470,2500,ABC
2020-06-25,8470,8550,8470,8550,1000,ABC
2020-06-26,8550,8630,8550,8550,20300,ABC
2020-06-29,8550,8550,8550,8550,7701,ABC
2020-06-30,8550,8550,8470,8470,5431,ABC
2020-07-01,8550,8550,8550,8550,5200,ABC
2020-07-02,8550,8960,8550,8880,14320,ABC
2020-07-03,9050,9050,8880,8880,4210,ABC
2020-07-06,8880,8960,8720,8720,15100,ABC
2020-07-07,8800,8800,8630,8630,32410,ABC
2020-07-08,8870,9500,8150,9050,15100,ABC
2020-07-09,9050,9230,8960,9230,2900,ABC
2020-07-10,9050,9230,8690,9050,14300,ABC
2020-07-13,8960,8960,8960,8960,2020,ABC
2020-07-14,8870,9050,8870,8960,5300,ABC
2020-07-15,9050,9050,8960,8960,17400,ABC
2020-07-16,8870,8870,8780,8780,1000,ABC
2020-07-17,8870,8870,8870,8870,19620,ABC
2020-07-20,8780,8870,8780,8870,2401,ABC
2020-07-21,8780,8780,8780,8780,0,ABC
2020-07-22,8960,9960,8960,9960,40130,ABC
2020-07-23,9960,9960,9590,9590,18806,ABC
2020-07-24,9960,9960,9320,9320,14900,ABC
2020-07-27,9410,9410,8330,8780,22300,ABC
2020-07-28,8600,9050,8600,8870,50400,ABC
2020-07-29,8780,8870,8600,8870,4120,ABC
2020-07-30,8870,8960,8870,8870,17200,ABC
2020-07-31,8690,9140,8690,8960,28300,ABC
2020-08-03,8870,9230,8870,9050,13700,ABC
2020-08-04,9230,9410,8870,9140,19500,ABC
2020-08-05,9230,9230,9050,9050,28200,ABC
2020-08-06,9050,9410,9050,9320,24400,ABC
2020-08-07,9230,9410,9230,9230,12400,ABC
2020-08-10,9410,10500,9230,9590,40808,ABC
2020-08-11,9410,9500,9230,9500,15310,ABC
2020-08-12,9320,9860,9140,9770,51900,ABC
2020-08-13,9770,10770,9770,10770,114615,ABC
2020-08-14,11310,11950,11310,11950,123510,ABC
2020-08-17,13120,13580,11860,12760,115428,ABC
2020-08-18,12940,12940,11950,12040,79960,ABC
2020-08-19,11770,12400,11770,12310,42555,ABC
2020-08-20,12310,12310,11130,12310,43933,ABC
2020-08-21,12130,12220,11950,12130,23890,ABC
2020-08-24,12130,13670,12130,13490,182970,ABC
2020-08-25,13390,13390,12670,12670,54901,ABC
2020-08-26,12850,12850,12400,12670,27221,ABC
2020-08-27,12580,13210,12490,12670,42785,ABC
2020-08-28,12760,12760,12220,12670,25700,ABC
2020-08-31,12490,12670,12400,12490,48900,ABC
2020-09-01,12580,12580,12310,12310,69960,ABC
2020-09-03,12310,12310,12220,12220,20541,ABC
2020-09-04,11770,12220,11770,12130,37113,ABC
2020-09-07,12040,12490,12040,12400,19210,ABC
2020-09-08,12310,12310,12130,12130,18460,ABC
2020-09-09,12310,12310,11770,12040,29763,ABC
2020-09-10,12040,12220,11950,12040,27940,ABC
2020-09-11,12040,12130,12040,12130,7910,ABC
2020-09-14,11950,12580,11950,12220,45040,ABC
2020-09-15,12310,12310,11950,11950,37410,ABC
2020-09-16,12130,12130,12040,12040,310,ABC
2020-09-17,12040,12580,12040,12310,29973,ABC
2020-09-18,12400,12490,12400,12400,27200,ABC
2020-09-21,12310,12310,12040,12040,7726,ABC
2020-09-22,12130,12130,11950,11950,18624,ABC
2020-09-23,11950,12040,11950,12040,19120,ABC
2020-09-24,11860,11860,11490,11580,51446,ABC
2020-09-25,11670,11670,11220,11400,68421,ABC
2020-09-28,11490,11950,11400,11950,31620,ABC
2020-09-29,11770,11950,11670,11670,19134,ABC
2020-09-30,11490,11670,11490,11670,36520,ABC
2020-10-01,11860,11950,11770,11770,25700,ABC
2020-10-02,11670,11950,11580,11580,24850,ABC
2020-10-05,11770,13120,11770,12310,53651,ABC
2020-10-06,12400,12940,12220,12490,79030,ABC
2020-10-07,12490,12580,12310,12310,9648,ABC
2020-10-08,12400,12400,12220,12220,14541,ABC
2020-10-09,12220,12310,12040,12220,35799,ABC
2020-10-12,12040,12760,12040,12310,22533,ABC
2020-10-13,12400,12400,12130,12130,6300,ABC
2020-10-14,12130,12220,12130,12130,15000,ABC
2020-10-15,12130,12130,11670,12130,35520,ABC
2020-10-16,12040,12220,11860,12040,13000,ABC
2020-10-19,12130,12220,11950,12040,18239,ABC
2020-10-20,11950,12040,11860,11860,11200,ABC
2020-10-21,11950,12130,11860,11950,21710,ABC
2020-10-22,11950,11950,11860,11860,16023,ABC
2020-10-23,11860,11860,11770,11860,19300,ABC
2020-10-26,11860,11860,11670,11770,5200,ABC
2020-10-27,11670,11670,11400,11400,29700,ABC
2020-10-28,11490,11580,11220,11220,5000,ABC
2020-10-29,11400,11400,11130,11400,18500,ABC
2020-10-30,11310,11310,11220,11220,3800,ABC
2020-11-02,11400,11770,11400,11770,11264,ABC
2020-11-03,11670,11770,11310,11580,7200,ABC
2020-11-04,11580,11670,11310,11670,26700,ABC
2020-11-05,11490,11670,11400,11400,6140,ABC
2020-11-06,11490,11490,11400,11400,2200,ABC
2020-11-09,11670,12850,11670,12310,49940,ABC
2020-11-10,12670,14120,12580,13490,282960,ABC
2020-11-11,14120,14930,14120,14930,281802,ABC
2020-11-12,15390,16920,15390,16379,166649,ABC
2020-11-13,16110,16379,15020,16379,90131,ABC
2020-11-16,16290,17740,16290,17650,169700,ABC
2020-11-17,17740,18100,17110,17740,116148,ABC
2020-11-18,17740,17830,16830,17470,64747,ABC
2020-11-19,17010,17010,16379,16470,87800,ABC
2020-11-20,16650,16740,16110,16290,57125,ABC
2020-11-23,16290,16290,15750,15750,87040,ABC
2020-11-24,16840,16840,16020,16840,69355,ABC
2020-11-25,16379,16660,16379,16470,13210,ABC
2020-11-26,16379,16379,15930,16110,101703,ABC
2020-11-27,16020,16379,15660,15840,39150,ABC
2020-11-30,15750,15840,15290,15470,80893,ABC
2020-12-01,15020,16290,14840,15560,64723,ABC
2020-12-02,15560,16200,15560,16200,78260,ABC
2020-12-03,16020,17110,16020,16660,45316,ABC
2020-12-04,16750,16750,16290,16660,55219,ABC
2020-12-07,16570,16570,16020,16110,42105,ABC
2020-12-08,16020,16290,15840,15840,32310,ABC
2020-12-09,15930,16020,15750,15930,22100,ABC
2020-12-10,15750,15840,15560,15560,43560,ABC
2020-12-11,15470,16379,15470,16200,31399,ABC
2020-12-14,15840,16290,15840,15930,19651,ABC
2020-12-15,15930,16020,15840,16020,7500,ABC
2020-12-16,16110,16290,16020,16110,27300,ABC
2020-12-17,16110,16200,16020,16200,7105,ABC
2020-12-18,16110,16110,15840,15840,18510,ABC
2020-12-21,15840,16930,15840,16470,61851,ABC
2020-12-22,16470,16750,16379,16660,49300,ABC
2020-12-23,16750,16840,16660,16660,26472,ABC
2020-12-24,16570,18200,16290,17840,258079,ABC
2020-12-25,17840,19110,17840,18750,108865,ABC
2020-12-28,18750,18750,18200,18200,23000,ABC
2020-12-29,17750,18020,15560,17110,95440,ABC
2020-12-30,16840,17480,16290,16840,134510,ABC
2020-12-31,16750,17110,16660,16930,38934,ABC
2021-01-04,16930,17290,16660,16930,59100,ABC
2021-01-05,16930,16930,16470,16470,59420,ABC
2021-01-06,16660,16840,16290,16379,72000,ABC
2021-01-07,16570,16570,16290,16570,30110,ABC
2021-01-08,16570,16840,16470,16840,51200,ABC
2021-01-11,16840,17020,16660,17020,54040,ABC
2021-01-12,16840,17020,16660,16930,29605,ABC
2021-01-13,16930,17020,16840,17020,51610,ABC
2021-01-14,17020,17020,16660,16840,40350,ABC
2021-01-15,16840,18020,16840,17570,97455,ABC
2021-01-18,17660,18110,17660,17750,43950,ABC
2021-01-19,17840,17840,15200,16379,71060,ABC
2021-01-20,16379,16470,15660,16110,81536,ABC
2021-01-21,16570,16840,16470,16840,34700,ABC
2021-01-22,16660,16660,16200,16379,71810,ABC
2021-01-25,16020,16570,16020,16200,32200,ABC
2021-01-26,16020,16020,15470,15660,85820,ABC
2021-01-27,15660,16110,15290,15470,61710,ABC
2021-01-28,15380,15380,13290,13650,224291,ABC
2021-01-29,14930,15750,13930,15380,28700,ABC
2021-02-01,14560,15470,14470,14470,10000,ABC
2021-02-02,14200,15020,14110,14740,20771,ABC
2021-02-03,14560,15020,14200,14840,26610,ABC
2021-02-04,15380,15380,14650,14650,13400,ABC
2021-02-05,14840,14840,14110,14560,49410,ABC
2021-02-08,14560,14560,14380,14560,23119,ABC
2021-02-09,14380,15470,14380,15470,14400,ABC
2021-02-17,14840,15290,14560,15020,23532,ABC
2021-02-18,15110,15200,15020,15200,24300,ABC
2021-02-19,15200,15470,14930,15470,39000,ABC
2021-02-22,15470,15660,15380,15470,29800,ABC
2021-02-23,15840,15840,15380,15470,18527,ABC
2021-02-24,15470,15560,15110,15470,29200,ABC
2021-02-25,15660,15660,15290,15470,17500,ABC
2021-02-26,15380,15750,15290,15750,37510,ABC
2021-03-01,15470,15660,15470,15660,40019,ABC
2021-03-02,15660,15750,15470,15560,49005,ABC
2021-03-03,15560,15750,15470,15560,11800,ABC
2021-03-04,15380,15750,15380,15750,21600,ABC
2021-03-05,15560,16840,15560,16840,57410,ABC
2021-03-08,16110,16470,16110,16110,6000,ABC
2021-03-09,16290,16290,15840,15930,12900,ABC
2021-03-10,15930,16020,15930,15930,42419,ABC
2021-03-11,16020,16020,15930,15930,26100,ABC
2021-03-12,16020,16379,16020,16290,34001,ABC
2021-03-15,16379,16570,16290,16290,27601,ABC
2021-03-16,16290,16470,16200,16379,23100,ABC
2021-03-17,16379,16379,16200,16379,17000,ABC
2021-03-18,16290,16379,16110,16379,21775,ABC
2021-03-19,16290,16379,16200,16290,41802,ABC
2021-03-22,16290,16379,16020,16290,41600,ABC
2021-03-23,16200,16290,16020,16020,21100,ABC
2021-03-24,15930,16200,15750,15840,17110,ABC
2021-03-25,15840,16020,15470,15660,6512,ABC
2021-03-26,15750,15750,15200,15750,11420,ABC
2021-03-29,16379,16379,15560,15840,14519,ABC
2021-03-30,15750,15840,15470,15660,50017,ABC
2021-03-31,15660,15660,15470,15470,29300,ABC
2021-04-01,15470,15560,14110,15470,130200,ABC
2021-04-02,15660,15660,15110,15200,61818,ABC
2021-04-05,15110,15200,14840,15020,116385,ABC
2021-04-06,14930,15200,14110,15110,295700,ABC
2021-04-07,14560,16200,12380,15660,119000,ABC
2021-04-08,15290,15660,15290,15470,16901,ABC
2021-04-09,15470,15470,14930,15380,34701,ABC
2021-04-12,15020,15470,15020,15470,43937,ABC
2021-04-13,15470,15470,14930,15110,41810,ABC
2021-04-14,15110,15200,14740,15200,31700,ABC
2021-04-15,15200,15470,14740,15110,50449,ABC
2021-04-16,14930,15110,14560,14930,44000,ABC
2021-04-19,15020,15020,14110,14650,8610,ABC
2021-04-20,14650,14650,14200,14380,28509,ABC
2021-04-22,14380,14380,13560,13650,87300,ABC
2021-04-23,13200,14110,13200,13830,12400,ABC
2021-04-26,14020,14020,13380,13650,12800,ABC
2021-04-27,13560,13830,13560,13740,9200,ABC
2021-04-28,13740,14560,13740,14110,21710,ABC
2021-04-29,13830,14470,13470,14380,37110,ABC
2021-05-04,13930,13930,13650,13930,16200,ABC
2021-05-05,14200,14200,13740,13740,3400,ABC
2021-05-06,13740,14020,13650,13830,19500,ABC
2021-05-07,13830,14020,13470,13560,27310,ABC
2021-05-10,13290,13830,13020,13650,33000,ABC
2021-05-11,13650,13740,13470,13560,20100,ABC
2021-05-12,13290,13470,13020,13290,53705,ABC
2021-05-13,13290,13290,12920,13200,21100,ABC
2021-05-14,12920,13200,12740,13110,23932,ABC
2021-05-17,13020,13110,12470,12740,18300,ABC
2021-05-18,12740,12740,12290,12290,20206,ABC
2021-05-19,12380,12650,12010,12200,20062,ABC
2021-05-20,12200,12200,11740,12010,17630,ABC
2021-05-21,11740,12010,10830,11830,65400,ABC
2021-05-24,12290,12380,11830,12110,20600,ABC
2021-05-25,12110,12110,11290,11560,17800,ABC
2021-05-26,11650,12010,11560,11740,23000,ABC
2021-05-27,11650,11650,11290,11470,17000,ABC
2021-05-28,11380,11650,11200,11470,21500,ABC
2021-05-31,11470,11920,11200,11470,22000,ABC
2021-06-01,11470,11650,10920,11290,26900,ABC
2021-06-02,11200,11920,11100,11830,21837,ABC
2021-06-03,11830,12200,11650,12200,36030,ABC
2021-06-04,12010,12740,12010,12650,37931,ABC
2021-06-07,12650,12650,12290,12470,16500,ABC
2021-06-08,12470,12560,12110,12110,7100,ABC
2021-06-09,12110,12290,12010,12290,18410,ABC
2021-06-10,12200,12290,12010,12290,21142,ABC
2021-06-11,12290,12290,11830,12010,21949,ABC
2021-06-14,12010,12010,11650,11740,10600,ABC
2021-06-15,11830,12010,11650,12010,6520,ABC
2021-06-16,11830,12010,11740,12010,15920,ABC
2021-06-17,11830,12110,11740,12110,18901,ABC
2021-06-18,12200,12290,11830,12110,31555,ABC
2021-06-21,12200,12200,11830,11920,16705,ABC
2021-06-22,11920,12110,11920,12010,33920,ABC
2021-06-23,12200,12200,11830,11830,7700,ABC
2021-06-24,12010,12010,11650,11830,7600,ABC
2021-06-25,11830,11920,11560,11740,15208,ABC
2021-06-28,11650,11830,11470,11650,20301,ABC
2021-06-29,11740,11740,11380,11560,16320,ABC
2021-06-30,11470,11470,10920,11100,116447,ABC
2021-07-01,11100,11470,11010,11290,17352,ABC
2021-07-02,11290,11290,11200,11200,9710,ABC
2021-07-05,11200,11200,11200,11200,11401,ABC
2021-07-06,10920,11100,10560,10650,55900,ABC
2021-07-07,10650,10740,10380,10740,14100,ABC
2021-07-08,10560,10830,10560,10740,12000,ABC
2021-07-09,10560,10560,10190,10560,14900,ABC
2021-07-12,10290,10290,9650,9830,34528,ABC
2021-07-13,10010,10190,10010,10190,5900,ABC
2021-07-14,10190,10470,10190,10470,8900,ABC
2021-07-15,10190,10650,10010,10650,13400,ABC
2021-07-16,10920,10920,10290,10830,6200,ABC
2021-07-19,10560,10740,10470,10470,13500,ABC
2021-07-20,10470,10740,10470,10470,9900,ABC
2021-07-21,10470,10740,10470,10740,7500,ABC
2021-07-22,10830,10830,10470,10560,35400,ABC
2021-07-23,10740,10740,10470,10740,4000,ABC
2021-07-26,10650,10740,10560,10560,8400,ABC
2021-07-27,10740,10740,10650,10650,1100,ABC
2021-07-28,10920,10920,10740,10740,8600,ABC
2021-07-29,10380,10830,10380,10740,8700,ABC
2021-07-30,10560,10740,10560,10560,15400,ABC
2021-08-02,10380,10560,10380,10560,11400,ABC
2021-08-03,10740,10740,10470,10560,6900,ABC
2021-08-04,10560,10650,10560,10650,11900,ABC
2021-08-05,10740,10830,10560,10740,6200,ABC
2021-08-06,10740,10830,10740,10740,13100,ABC
2021-08-09,10740,10920,10650,10920,45600,ABC
2021-08-10,10920,11830,10740,11380,102000,ABC
2021-08-11,11380,11650,11380,11470,29200,ABC
2021-08-12,11560,12200,11470,11740,19400,ABC
2021-08-13,11740,11740,11470,11740,24400,ABC
2021-08-16,11740,11920,11650,11740,27200,ABC
2021-08-17,11740,11740,11380,11380,32000,ABC
2021-08-18,11380,11470,11380,11470,8100,ABC
2021-08-19,11470,12110,11470,11830,44600,ABC
2021-08-20,11830,11830,11650,11830,46400,ABC
2021-08-23,11650,11740,11470,11740,27900,ABC
2021-08-24,13290,13380,11830,12010,41800,ABC
2021-08-25,12010,12010,11740,12010,8000,ABC
2021-08-26,11920,12010,11380,11830,36600,ABC
2021-08-27,11920,11920,11650,11830,4300,ABC
2021-08-30,11470,11740,11470,11650,6800,ABC
2021-08-31,11830,12290,11830,12200,70500,ABC
2021-09-01,12200,12740,12200,12650,43500,ABC
2021-09-06,12650,12830,12650,12650,36700,ABC
2021-09-07,12560,12740,12290,12290,60600,ABC
2021-09-08,12290,12560,12290,12470,14100,ABC
2021-09-09,12560,12560,12290,12290,11500,ABC
2021-09-10,12200,12560,12200,12380,10000,ABC
2021-09-13,12380,12740,12010,12740,65500,ABC
2021-09-14,12740,13380,12560,12560,108700,ABC
2021-09-15,13020,13470,12830,13290,37200,ABC
2021-09-16,13290,13650,13200,13470,19000,ABC
2021-09-17,13380,13380,12920,13290,41900,ABC
2021-09-20,13200,13470,13020,13110,73100,ABC
2021-09-21,12560,12920,12560,12920,39100,ABC
2021-09-22,12920,13200,12740,13200,52800,ABC
2021-09-23,12920,13110,12830,12920,28400,ABC
2021-09-24,12740,12830,12560,12830,17900,ABC
2021-09-27,12920,12920,12380,12380,21700,ABC
2021-09-28,12290,12560,12200,12560,22800,ABC
2021-09-29,12380,12470,12380,12380,6800,ABC
2021-09-30,12380,12380,12200,12200,5600,ABC
2021-10-01,12200,12470,12200,12290,1300,ABC
2021-10-04,12290,12290,12110,12290,21500,ABC
2021-10-05,12290,12380,12200,12290,8700,ABC
2021-10-06,12200,12290,12200,12200,10300,ABC
2021-10-07,12290,12380,12200,12380,8100,ABC
2021-10-08,13020,13020,12290,12380,13200,ABC
2021-10-11,12380,12380,12290,12380,20900,ABC
2021-10-12,12200,12380,12200,12380,800,ABC
2021-10-13,12290,12380,12200,12380,18800,ABC
2021-10-14,12290,12290,12290,12290,8000,ABC
2021-10-15,12200,12290,12110,12200,25400,ABC
2021-10-18,12200,12200,12110,12110,11700,ABC
2021-10-19,12200,12200,12010,12110,8300,ABC
2021-10-20,12110,12290,12110,12290,15600,ABC
2021-10-21,12200,12290,12110,12200,45000,ABC
2021-10-22,12200,12200,11830,12010,22100,ABC
2021-10-25,11830,12110,11830,12010,82100,ABC
2021-10-26,11920,12110,11920,12110,5200,ABC
2021-10-27,12110,12110,11830,12010,37500,ABC
2021-10-28,12010,12290,11830,12200,81500,ABC
2021-10-29,12290,12740,12290,12470,38000,ABC
2021-11-01,12470,12470,12200,12200,64600,ABC
2021-11-02,12470,12470,12010,12470,72600,ABC
2021-11-03,12470,12740,12200,12200,48200,ABC
2021-11-04,12290,12380,12200,12290,48200,ABC
2021-11-05,12560,12560,12200,12290,55800,ABC
2021-11-08,12290,12560,12290,12380,69100,ABC
2021-11-09,12650,12830,12380,12560,63600,ABC
2021-11-10,12740,12830,12380,12650,43900,ABC
2021-11-11,12560,12740,12380,12740,95900,ABC
2021-11-12,12740,13650,12560,13650,263600,ABC
2021-11-15,13200,14470,13200,14200,112700,ABC
2021-11-16,14380,14560,13470,13930,75800,ABC
2021-11-17,13470,13740,13380,13650,160300,ABC
2021-11-18,13560,13830,13470,13650,96100,ABC
2021-11-19,13560,13740,12740,13470,177700,ABC
2021-11-22,13470,13470,12290,12380,173500,ABC
2021-11-23,12920,12920,12470,12740,41800,ABC
2021-11-24,13560,13560,12740,13020,32400,ABC
2021-11-25,13020,13020,12650,12740,45600,ABC
2021-11-26,12830,12830,12470,12470,38000,ABC
2021-11-29,12380,12650,12200,12560,40800,ABC
2021-11-30,12560,12830,12380,12740,49700,ABC
2021-12-01,12830,13110,12740,12920,59900,ABC
2021-12-02,12920,13020,12740,12740,54600,ABC
2021-12-03,12650,12830,12200,12290,56100,ABC
2021-12-06,12650,12650,12110,12290,60900,ABC
2021-12-07,12290,12380,12010,12380,28700,ABC
2021-12-08,12380,12560,12290,12290,31200,ABC
2021-12-09,12290,12380,12010,12380,28600,ABC
2021-12-10,12380,12470,12290,12380,24200,ABC
2021-12-13,12380,12470,12010,12470,44900,ABC
2021-12-14,12290,12380,12200,12380,12600,ABC
2021-12-15,12200,12380,12200,12290,39300,ABC
2021-12-16,12290,12380,12110,12290,16900,ABC
2021-12-17,12380,12380,12200,12290,23900,ABC
2021-12-20,12380,12380,12010,12200,35200,ABC
2021-12-21,12200,12380,12010,12290,37600,ABC
2021-12-22,12380,14020,12380,14020,304100,ABC
2021-12-23,15380,15380,13290,13560,147700,ABC
2021-12-24,13650,13650,13110,13290,45900,ABC
2021-12-27,13200,13200,12560,12650,114700,ABC
2021-12-28,12650,13740,12650,12920,55800,ABC
2021-12-29,12920,12920,12560,12560,106900,ABC
2021-12-30,12740,12830,12290,12560,164000,ABC
2021-12-31,12200,12380,11830,12290,108100,ABC
2022-01-04,12290,12830,12110,12470,60400,ABC
2022-01-05,12290,12560,12200,12380,65000,ABC
2022-01-06,12380,12470,11830,12290,198100,ABC
2022-01-07,12010,12380,12010,12290,48300,ABC
2022-01-10,11560,12290,11560,12010,72700,ABC
2022-01-11,11920,12110,11740,11740,59500,ABC
2022-01-12,11740,11740,11290,11470,69900,ABC
2022-01-13,11470,11830,11380,11470,37100,ABC
2022-01-14,11290,11380,10920,11380,22500,ABC
2022-01-17,11290,11290,10560,10650,46300,ABC
2022-01-18,10560,10650,10100,10190,38800,ABC
2022-01-19,10190,10920,10190,10190,26200,ABC
2022-01-20,10380,10920,10290,10830,20500,ABC
2022-01-21,10920,11290,10650,10650,13100,ABC
2022-01-24,10830,10830,10380,10470,18900,ABC
2022-01-25,10190,10560,10190,10560,19600,ABC
2022-01-26,10010,10290,10010,10290,24800,ABC
2022-01-27,10100,10290,10010,10290,9100,ABC
2022-01-28,8920,9920,8740,9830,127200,ABC
2022-02-07,10010,10290,9920,10190,17700,ABC
2022-02-08,10380,10920,10290,10920,22900,ABC
2022-02-09,10920,11200,10740,11100,27600,ABC
2022-02-10,9370,11100,9370,10650,83400,ABC
2022-02-11,8370,10650,8370,10010,123300,ABC
2022-02-14,9100,10010,9100,10010,56300,ABC
2022-02-15,10010,10190,9740,10010,16800,ABC
2022-02-16,8460,10010,8460,9830,229200,ABC
2022-02-17,9830,9920,9560,9920,14800,ABC
2022-02-18,8460,11380,8460,11200,223400,ABC
2022-02-21,11200,11200,10560,11010,40300,ABC
2022-02-22,9370,11010,9370,10560,112500,ABC
2022-02-23,8370,10830,8370,10740,169600,ABC
2022-02-24,10650,10650,10650,10650,100600,ABC
2022-02-25,10920,11830,10920,11290,86800,ABC
2022-02-28,11200,11200,10380,10560,116600,ABC
2022-03-01,10560,10920,10010,10650,92900,ABC
2022-03-02,10650,10650,9650,10010,75000,ABC
2022-03-03,10010,10560,10010,10380,33300,ABC
2022-03-04,10380,10740,10380,10470,27000,ABC
2022-03-07,10470,10470,10190,10380,31700,ABC
2022-03-08,10380,10560,10100,10190,29300,ABC
2022-03-09,10560,10560,10100,10380,51400,ABC
2022-03-10,10470,10560,10190,10290,51900,ABC
2022-03-11,10290,10290,10190,10190,26300,ABC
2022-03-14,10010,10190,10010,10100,18200,ABC
2022-03-15,10100,10100,10010,10100,10600,ABC
2022-03-16,10100,10560,10010,10100,25800,ABC
2022-03-17,10290,10560,10290,10290,34100,ABC
2022-03-18,10470,10560,10290,10560,42000,ABC
2022-03-21,10380,10380,10190,10380,26500,ABC
2022-03-22,10650,10650,10290,10380,35600,ABC
2022-03-23,10380,10470,10290,10380,24700,ABC
2022-03-24,10650,10650,10100,10290,52700,ABC
2022-03-25,10380,10560,10290,10470,61900,ABC
2022-03-28,10470,10470,10190,10290,19100,ABC
2022-03-29,10380,10470,10290,10290,27800,ABC
2022-03-30,10470,10470,10100,10290,43100,ABC
2022-03-31,10290,10380,10190,10380,18000,ABC
2022-04-01,10290,10380,10010,10290,23200,ABC
2022-04-04,10920,10920,10100,10290,24400,ABC
2022-04-05,10190,10380,9650,9830,77900,ABC
2022-04-08,9100,9100,8460,8650,192500,ABC
2022-04-15,8740,9100,8189,8280,103200,ABC
2022-04-22,8100,8100,7280,7370,105900,ABC
2022-04-29,7460,7830,6920,7460,42100,ABC
2022-05-06,7370,7920,7280,7920,45000,ABC
2022-05-13,7550,7550,7100,7190,66600,ABC
2022-05-20,7100,7830,7100,7650,30900,ABC
2022-05-27,7550,7740,7280,7460,30500,ABC
2022-06-03,7370,7830,7370,7740,55800,ABC
2022-06-10,7460,7740,7370,7650,21100,ABC
2022-06-17,7830,7830,7010,7010,49000,ABC
2022-06-24,7740,7740,7650,7740,13900,ABC
2022-07-01,7830,8280,7740,8100,39200,ABC
2022-07-08,8100,8100,7190,7190,7100,ABC
2022-07-15,7190,7190,6640,6920,9500,ABC
2022-07-22,7100,7460,6920,7100,20400,ABC
2022-07-29,7370,7550,7370,7550,9500,ABC
2022-08-05,7550,8189,7460,8189,15800,ABC
2022-08-12,8100,8740,8100,8100,20400,ABC
2022-08-19,8189,8460,8189,8280,20200,ABC
2022-08-26,9560,9560,7830,8650,56900,ABC
2022-09-09,8650,8650,8650,8650,100,ABC
2022-09-16,7370,8560,7370,7740,27800,ABC
2022-09-23,7370,7370,6550,7190,13200,ABC
2022-09-30,7190,7190,7190,7190,200,ABC
2022-10-07,7280,7280,6190,6190,7300,ABC
2022-10-28,5460,5460,5460,5460,2500,ABC
2022-11-04,4640,4640,4640,4640,13500,ABC
2022-11-11,4640,4640,4000,4640,13800,ABC
2022-11-18,4370,4370,3820,4370,300,ABC
2022-12-02,4100,4460,4000,4370,19900,ABC
2022-12-09,4190,4190,4100,4100,2100,ABC
2022-12-16,4100,4640,4100,4640,8200,ABC
2022-12-23,5100,5100,5010,5010,9800,ABC
2022-12-30,5100,5640,4550,5640,1100,ABC
2023-01-06,5640,5640,5550,5550,5700,ABC
2023-01-13,5010,5920,5010,5920,21400,ABC
2023-01-27,5730,6550,5730,6550,42300,ABC
2023-02-03,7460,7460,7460,7460,4800,ABC
2023-02-10,8560,8560,8560,8560,3500,ABC
2023-02-17,9830,9830,9830,9830,40900,ABC
2023-02-24,11290,11290,11290,11290,59600,ABC
2023-03-03,12830,12920,10920,12830,2356300,ABC
2023-03-10,12290,12740,11830,12200,573400,ABC
2023-03-17,12010,12010,10920,11010,530500,ABC
2023-03-24,11100,11100,11010,11100,162900,ABC
2023-03-31,10830,10830,10830,10830,1000,ABC
2023-04-07,12560,12650,12560,12650,125400,ABC
2023-04-07,12560,12650,12560,12650,123300,ABC
2023-04-10,14470,14470,14470,14470,1000,ABC
2023-04-11,16570,16570,16570,16570,2900,ABC
2023-04-12,19020,19020,17200,17570,376800,ABC
2023-04-13,17750,18200,17020,17200,592100,ABC
2023-04-14,18200,18200,17290,17290,29800,ABC
2023-04-17,16750,17110,16379,16470,58300,ABC
2023-04-18,17110,17480,16290,17480,49900,ABC
2023-04-19,17200,17290,17200,17290,3800,ABC
2023-04-20,16379,17290,16379,17290,57600,ABC
2023-04-21,17480,17480,17110,17200,30200,ABC
2023-04-24,17200,17290,17200,17290,10300,ABC
2023-04-25,17200,17480,16570,17380,171200,ABC
2023-04-26,17290,17290,16840,16840,18400,ABC
2023-04-27,17200,17200,16840,17020,2700,ABC
2023-04-28,17480,17480,17020,17110,25900,ABC
2023-05-04,17110,17110,16290,16290,5200,ABC
2023-05-05,16290,16290,15660,16290,108400,ABC
2023-05-08,16200,16200,16200,16200,500,ABC
2023-05-09,15930,17290,15930,17200,51900,ABC
2023-05-10,16840,16840,16020,16020,31400,ABC
2023-05-11,16930,17020,16470,17020,52300,ABC
2023-05-12,16840,16930,16660,16660,38400,ABC
2023-05-15,16840,16840,16570,16660,14200,ABC
2023-05-16,16840,16840,16470,16660,6500,ABC
2023-05-17,16020,16840,16020,16750,16800,ABC
2023-05-18,16750,16750,16750,16750,300,ABC
2023-05-19,16750,16840,16570,16840,21700,ABC
2023-05-22,16840,16840,16750,16840,3700,ABC
2023-05-23,16750,16930,16750,16930,8400,ABC
2023-05-24,16930,16930,16750,16840,9900,ABC
2023-05-25,16750,17290,16750,17290,10100,ABC
2023-05-26,17110,17110,16570,16930,8200,ABC
2023-05-29,18660,18660,16570,16660,35800,ABC
2023-05-30,16660,16750,16570,16660,28900,ABC
2023-05-31,16660,16660,16570,16570,33600,ABC
2023-06-01,16570,17200,16570,16660,34500,ABC
2023-06-02,16570,16660,16570,16570,14500,ABC
2023-06-05,16660,16660,16290,16290,7100,ABC
2023-06-06,16470,16470,16290,16290,4100,ABC
2023-06-07,16379,16570,16290,16379,39600,ABC
2023-06-08,16379,16379,16110,16290,344200,ABC
2023-06-09,16200,16200,15750,15750,38600,ABC
2023-06-12,15660,15930,15290,15560,246200,ABC
2023-06-13,16020,16020,15380,15840,14500,ABC
2023-06-14,15660,16110,15660,15750,84300,ABC
2023-06-15,15750,15750,15380,15380,11400,ABC
2023-06-16,15200,15380,15200,15380,58200,ABC
2023-06-19,15380,15380,14840,14840,18100,ABC
2023-06-20,14840,15020,14840,14930,7600,ABC
2023-06-21,15020,15020,14650,14930,10400,ABC
2023-06-22,14650,15380,14650,14840,7800,ABC
2023-06-23,15020,15020,14840,15020,219300,ABC
2023-06-26,15020,15020,14840,15020,22400,ABC
2023-06-27,15020,15110,15020,15110,7100,ABC
2023-06-28,15470,16660,15380,16290,288100,ABC
2023-06-29,16379,16570,15380,15380,21400,ABC
2023-06-30,15380,15930,15110,15930,521700,ABC
2023-07-03,16570,16570,15750,15750,15600,ABC
2023-07-04,15930,16020,15930,15930,509500,ABC
2023-07-05,16020,16020,15470,15470,31300,ABC
2023-07-06,15560,15560,14930,15200,29700,ABC
2023-07-07,15470,15470,14840,15290,11200,ABC
2023-07-10,14840,15110,14840,15110,12600,ABC
2023-07-11,14930,15110,14740,15110,12800,ABC
2023-07-12,14840,15380,14840,15290,4800,ABC
2023-07-13,14930,15020,14840,15020,6400,ABC
2023-07-14,14840,15200,14840,14840,9400,ABC
2023-07-17,14840,14930,14840,14840,8800,ABC
2023-07-18,15020,15380,15020,15200,3800,ABC
2023-07-19,15200,15200,14740,14930,4200,ABC
2023-07-20,14840,15660,14840,15560,11300,ABC
2023-07-21,15290,15470,15290,15470,5000,ABC
2023-07-24,15380,15470,14840,15380,604300,ABC
2023-07-25,15380,15380,14930,15200,4800,ABC
2023-07-26,15110,15110,14840,14840,12600,ABC
2023-07-27,14840,14930,14740,14840,9000,ABC
2023-07-28,14840,14840,14560,14840,7800,ABC
2023-07-31,14740,14740,14560,14560,4300,ABC
2023-08-01,14650,15110,14560,14650,6200,ABC
2023-08-02,14840,14840,14740,14740,1700,ABC
2023-08-03,13650,14740,13650,14470,21200,ABC
2023-08-04,13740,14380,13650,14380,22500,ABC
2023-08-07,13830,14470,13830,14470,64900,ABC
2023-08-08,14560,14560,14110,14560,6000,ABC
2023-08-09,14470,14560,14110,14470,12800,ABC
2023-08-10,14650,14650,14650,14650,300,ABC
2023-08-11,14110,14650,14110,14560,4300,ABC
2023-08-14,13930,14380,13930,14380,6900,ABC
2023-08-15,14380,14380,14110,14110,1000,ABC
2023-08-16,14560,14560,14560,14560,4100,ABC
2023-08-17,14560,14560,14020,14020,6500,ABC
2023-08-18,13650,14200,13290,14200,3200,ABC
2023-08-21,15750,15750,14020,14020,1300,ABC
2023-08-22,13930,14200,13650,14200,9100,ABC
2023-08-23,14020,15020,14020,14930,15400,ABC
2023-08-24,14840,15020,14380,14380,26000,ABC
2023-08-25,14560,14560,14110,14560,14500,ABC
2023-08-28,14560,15290,14560,14840,14800,ABC
2023-08-29,14930,15380,14930,15200,20500,ABC
2023-08-30,15200,15380,15020,15290,38600,ABC
2023-08-31,15200,15700,15200,15400,26100,ABC
2023-09-05,15000,15600,15000,15200,31800,ABC
2023-09-06,15000,15300,15000,15200,4900,ABC
2023-09-07,15200,15200,15000,15000,21100,ABC
2023-09-08,15100,15100,14900,14900,8400,ABC
2023-09-11,15000,15000,14500,15000,8200,ABC
2023-09-12,15000,15000,14700,14700,3800,ABC
2023-09-13,15000,15000,14700,14700,7000,ABC
2023-09-14,14900,14900,14600,14900,9100,ABC
2023-09-15,12600,15600,12600,14900,4600,ABC
2023-09-18,15100,15900,14900,14900,1000,ABC
2023-09-19,14000,14900,13600,14900,5200,ABC
2023-09-20,13700,14800,13700,14700,14900,ABC
2023-09-21,14300,14700,13900,14600,4300,ABC
2023-09-22,14400,14500,13700,14400,11800,ABC
2023-09-25,14700,14700,14100,14100,400,ABC
2023-09-27,13900,14500,13200,14500,11200,ABC
2023-09-28,14900,16400,13900,14400,6600,ABC
2023-09-29,13400,14500,13400,14500,10000,ABC
